"Season","Team","H","HR","R","BB","SO","AVG","OBP","SLG","OPS","ISO","BABIP","wOBA","wRC","wRCplus"
"1999","Indians","1629","209","1009","743","1099",".289",".373",".467",".840",".177",".323",".367","1001","112"
"2009","Yankees","1604","244","915","663","1014",".283",".362",".478",".839",".194",".306",".365","963","117"
"2000","Indians","1639","221","950","685","1057",".288",".367",".470",".837",".182",".318",".364","987","109"
"2003","Red Sox","1667","238","961","620","943",".289",".360",".491",".851",".202",".307",".364","997","120"
"1999","Rangers","1653","230","945","611","937",".293",".361",".479",".840",".186",".313",".363","956","109"
"2007","Yankees","1656","201","968","637","991",".290",".366",".463",".829",".174",".318",".361","973","119"
"2000","Astros","1547","249","938","673","1129",".278",".361",".477",".837",".199",".305",".361","952","105"
"1998","Yankees","1625","207","965","653","1025",".288",".364",".460",".825",".172",".317",".360","952","116"
"2000","Giants","1535","226","925","709","1032",".278",".362",".472",".834",".194",".303",".359","943","112"
"2004","Red Sox","1613","222","949","659","1189",".282",".360",".472",".832",".190",".319",".358","964","114"
"1999","Yankees","1568","193","900","718","978",".282",".366",".453",".819",".171",".309",".358","932","111"
"2000","White Sox","1615","216","978","591","960",".286",".356",".470",".826",".184",".309",".357","934","106"
"1998","Rangers","1637","201","940","595","1045",".289",".357",".462",".819",".173",".321",".357","929","108"
"2001","Rockies","1663","213","923","511","1027",".292",".354",".483",".837",".191",".322",".357","948","95"
"2000","Athletics","1501","239","947","750","1159",".270",".360",".458",".817",".188",".300",".356","931","109"
"2000","Angels","1574","236","864","608","1024",".280",".352",".472",".825",".193",".303",".356","920","106"
"2006","Yankees","1608","210","930","649","1053",".285",".363",".461",".824",".177",".315",".356","943","113"
"2008","Rangers","1619","194","901","595","1207",".283",".354",".462",".816",".179",".325",".355","920","112"
"1999","Rockies","1644","223","906","508","863",".288",".348",".472",".819",".184",".304",".354","901","84"
"2003","Braves","1608","235","907","545","933",".284",".349",".475",".824",".192",".302",".354","916","112"
"2000","Cardinals","1481","235","887","675","1253",".270",".356",".455",".812",".185",".308",".353","901","105"
"2000","Rockies","1664","161","968","601","907",".294",".362",".455",".816",".161",".322",".353","915","82"
"1999","Blue Jays","1580","212","883","578","1077",".280",".352",".457",".810",".177",".311",".353","898","104"
"1998","Mariners","1554","234","859","558","1082",".276",".345",".468",".812",".192",".302",".353","896","109"
"1998","Red Sox","1568","205","876","541","1049",".280",".348",".463",".810",".183",".310",".352","890","107"
"2005","Red Sox","1579","199","910","653","1044",".281",".357",".454",".811",".174",".310",".352","906","112"
"2007","Red Sox","1561","166","867","689","1042",".279",".362",".444",".806",".165",".315",".352","906","109"
"2002","Yankees","1540","223","897","640","1171",".275",".354",".455",".809",".180",".310",".352","901","116"
"2000","Mariners","1481","198","907","775","1073",".269",".361",".442",".803",".172",".299",".352","907","107"
"2011","Red Sox","1600","203","875","578","1108",".280",".349",".461",".810",".181",".314",".352","902","117"
"2008","Red Sox","1565","173","845","646","1068",".280",".358",".447",".805",".168",".315",".351","893","110"
"1999","Athletics","1430","235","893","770","1129",".259",".355",".446",".801",".187",".285",".351","896","106"
"1998","Rockies","1640","183","826","469","949",".291",".347",".461",".808",".169",".321",".351","875","87"
"2003","Yankees","1518","230","877","684","1042",".271",".356",".453",".810",".182",".295",".351","914","115"
"2009","Red Sox","1495","212","872","659","1120",".270",".352",".454",".806",".184",".301",".351","877","106"
"2007","Phillies","1558","213","892","641","1205",".274",".354",".458",".812",".184",".311",".351","912","105"
"1999","Mets","1553","181","853","717","994",".279",".363",".434",".797",".156",".308",".350","888","105"
"2004","Yankees","1483","242","897","670","982",".268",".353",".458",".811",".189",".285",".350","897","112"
"2000","Yankees","1541","205","871","631","1007",".277",".354",".450",".804",".173",".304",".350","879","105"
"2005","Yankees","1552","229","886","637","989",".276",".355",".450",".805",".174",".297",".350","895","116"
"1999","Orioles","1572","203","851","615","890",".279",".353",".447",".800",".169",".298",".350","885","107"
"2000","Blue Jays","1562","244","861","526","1026",".275",".341",".469",".810",".194",".297",".350","880","101"
"2001","Rangers","1566","246","890","548","1093",".275",".344",".471",".815",".195",".300",".349","911","108"
"2017","Astros","1581","238","896","509","1087",".282",".346",".478",".823",".196",".309",".349","911","122"
"2006","Blue Jays","1591","199","809","514","906",".284",".348",".463",".811",".179",".306",".349","874","107"
"2008","Cubs","1552","184","855","636","1186",".278",".354",".443",".797",".165",".321",".349","869","104"
"1999","Red Sox","1551","176","836","597","928",".278",".350",".448",".798",".170",".303",".349","865","102"
"1999","Diamondbacks","1566","216","908","588","1045",".277",".347",".459",".805",".182",".303",".348","872","98"
"2011","Rangers","1599","210","855","475","930",".283",".340",".460",".800",".177",".304",".347","858","112"
"1999","Giants","1507","188","872","696","1028",".271",".356",".434",".790",".163",".301",".347","872","104"
"2003","Blue Jays","1580","190","894","546","1081",".279",".349",".455",".803",".175",".313",".347","885","108"
"2001","Mariners","1637","169","927","614","989",".288",".360",".445",".805",".157",".320",".347","912","116"
"1998","Orioles","1520","214","817","593","903",".273",".347",".447",".794",".174",".291",".347","863","109"
"2001","Indians","1559","212","897","577","1076",".278",".350",".458",".807",".179",".308",".347","896","112"
"2000","Rangers","1601","173","848","580","922",".283",".352",".446",".798",".163",".310",".347","871","97"
"2007","Tigers","1652","177","887","474","1054",".287",".345",".458",".802",".171",".323",".347","872","108"
"1998","Astros","1578","166","874","621","1122",".280",".356",".436",".792",".156",".321",".347","874","113"
"1998","Indians","1530","198","850","630","1061",".272",".347",".448",".795",".176",".302",".347","872","103"
"2013","Red Sox","1566","178","853","581","1308",".277",".349",".446",".795",".169",".329",".347","863","114"
"2006","Indians","1576","196","870","556","1204",".280",".349",".457",".806",".177",".324",".347","873","108"
"2016","Red Sox","1598","208","878","558","1160",".282",".348",".461",".810",".179",".320",".346","893","113"
"1999","Mariners","1499","244","859","610","1095",".269",".343",".455",".798",".186",".293",".346","853","105"
"2003","Cardinals","1580","196","876","580","952",".279",".350",".454",".804",".175",".302",".346","888","109"
"2010","Yankees","1485","201","859","662","1136",".267",".350",".436",".786",".169",".300",".346","860","112"
"2009","Angels","1604","173","883","547","1054",".285",".350",".441",".792",".156",".322",".346","843","108"
"1998","Braves","1489","215","826","548","1062",".272",".342",".453",".795",".181",".300",".346","840","108"
"2007","Rockies","1591","171","860","622","1152",".280",".354",".437",".791",".158",".322",".346","878","97"
"2006","White Sox","1586","236","868","502","1056",".280",".342",".464",".806",".184",".305",".346","869","103"
"2010","Red Sox","1511","211","818","587","1140",".268",".339",".451",".790",".183",".299",".345","852","109"
"2004","Indians","1565","184","858","606","1009",".276",".351",".444",".795",".168",".305",".345","879","109"
"2011","Yankees","1452","222","867","627","1138",".263",".343",".444",".788",".181",".292",".345","848","113"
"2004","Rockies","1531","202","833","568","1181",".275",".345",".455",".800",".180",".314",".344","854","93"
"2015","Blue Jays","1480","232","891","570","1151",".269",".340",".457",".797",".188",".298",".344","854","117"
"1999","Reds","1536","209","865","569","1125",".272",".341",".451",".792",".179",".304",".344","843","96"
"2004","Cardinals","1544","214","855","548","1085",".278",".344",".460",".804",".182",".307",".344","848","107"
"2005","Rangers","1528","260","865","495","1112",".267",".329",".468",".798",".201",".290",".344","847","106"
"1999","Phillies","1539","161","841","631","1081",".275",".351",".431",".782",".156",".313",".343","839","96"
"2002","Rangers","1511","230","843","554","1055",".269",".338",".455",".794",".186",".292",".343","849","103"
"2001","Astros","1500","208","847","581","1119",".271",".347",".451",".798",".180",".304",".343","861","101"
"2002","Red Sox","1560","177","859","545","944",".277",".345",".444",".789",".168",".302",".343","849","107"
"1998","Blue Jays","1482","221","816","564","1132",".266",".340",".448",".787",".182",".295",".343","843","102"
"2008","Tigers","1529","200","821","572","1076",".271",".340",".444",".784",".173",".301",".343","837","106"
"1999","Royals","1584","151","856","535","932",".282",".348",".433",".781",".151",".312",".342","832","94"
"1999","Brewers","1524","165","815","658","1065",".273",".353",".426",".779",".153",".309",".342","841","97"
"2002","White Sox","1475","217","856","555","952",".268",".338",".449",".787",".181",".287",".342","827","105"
"2008","Cardinals","1585","174","779","577","985",".281",".350",".433",".783",".152",".312",".342","836","107"
"2003","Rockies","1472","198","853","619","1134",".267",".344",".445",".790",".179",".302",".342","843","90"
"2009","Rays","1434","199","803","642","1229",".263",".343",".439",".782",".177",".303",".342","812","109"
"2012","Yankees","1462","245","804","565","1176",".265",".337",".453",".790",".188",".293",".342","843","113"
"2006","Phillies","1518","216","865","626","1203",".267",".347",".447",".794",".180",".302",".341","869","100"
"2000","Reds","1545","200","825","559","995",".274",".343",".447",".790",".173",".299",".341","836","94"
"2009","Rockies","1408","190","804","660","1277",".261",".343",".441",".784",".180",".305",".341","808","96"
"2001","Giants","1493","235","799","625","1090",".266",".342",".460",".802",".194",".290",".341","871","108"
"1999","Astros","1463","168","823","728","1138",".267",".355",".420",".775",".154",".306",".341","830","101"
"2013","Tigers","1625","176","796","531","1073",".283",".346",".434",".780",".151",".320",".341","838","114"
"1998","White Sox","1516","198","861","551","916",".271",".339",".444",".782",".172",".291",".341","826","103"
"2000","Tigers","1553","177","823","562","982",".275",".343",".438",".781",".163",".303",".341","832","100"
"1998","Giants","1540","161","845","678","1040",".274",".353",".421",".774",".147",".308",".340","850","108"
"2004","Phillies","1505","215","840","645","1133",".267",".345",".443",".788",".176",".297",".340","852","100"
"1998","Cardinals","1444","223","810","676","1179",".258",".341",".441",".781",".183",".289",".340","837","104"
"2005","Reds","1453","222","820","611","1303",".261",".339",".446",".785",".185",".302",".340","828","103"
"2006","Red Sox","1510","192","820","672","1056",".269",".351",".435",".786",".166",".298",".340","856","100"
"2004","White Sox","1481","242","865","499","1030",".268",".333",".457",".790",".189",".288",".340","818","101"
"2007","Marlins","1504","201","790","521","1332",".267",".336",".448",".784",".181",".315",".340","825","101"
"2005","Indians","1522","207","790","503","1093",".271",".334",".453",".787",".181",".302",".340","822","110"
"2010","Reds","1515","188","790","522","1218",".272",".338",".436",".774",".164",".314",".340","812","106"
"2018","Red Sox","1509","208","876","569","1253",".268",".339",".453",".792",".185",".309",".340","865","110"
"2004","Giants","1500","183","850","705","874",".270",".357",".438",".795",".168",".290",".340","864","105"
"2008","White Sox","1458","235","811","540","1016",".263",".332",".448",".780",".185",".281",".339","806","101"
"2000","Mets","1445","198","807","675","1037",".263",".346",".430",".776",".167",".290",".339","815","99"
"2000","Braves","1490","179","810","595","1010",".271",".346",".429",".775",".157",".302",".339","808","96"
"2006","Braves","1510","222","849","526","1169",".270",".337",".455",".791",".184",".304",".339","821","100"
"2009","Phillies","1439","224","820","589","1155",".258",".334",".447",".781",".189",".286",".339","807","103"
"2016","Rockies","1544","204","845","494","1330",".275",".336",".457",".794",".182",".326",".339","836","94"
"2004","Tigers","1531","201","827","518","1144",".272",".337",".449",".786",".177",".308",".339","823","106"
"2000","Royals","1644","150","879","511","840",".288",".348",".425",".773",".138",".312",".338","826","89"
"2002","Giants","1466","198","784","617","961",".266",".344",".442",".786",".175",".289",".338","827","109"
"1999","Braves","1481","197","840","608","962",".266",".341",".436",".777",".170",".288",".338","808","95"
"2009","Twins","1539","172","817","585","1021",".274",".345",".429",".774",".155",".306",".338","808","104"
"2003","Rangers","1506","239","826","488","1052",".266",".330",".454",".784",".188",".287",".338","824","99"
"2001","Athletics","1469","199","884","640","1021",".264",".345",".439",".784",".175",".288",".338","852","108"
"2000","Orioles","1508","184","794","558","900",".272",".341",".435",".776",".163",".293",".338","802","98"
"2008","Yankees","1512","180","789","535","1015",".271",".342",".427",".769",".156",".302",".338","800","104"
"2007","Brewers","1455","231","801","501","1137",".262",".329",".456",".785",".194",".289",".337","800","100"
"2006","Rangers","1571","183","835","505","1061",".278",".338",".446",".784",".168",".311",".337","818","97"
"2014","Rockies","1551","186","755","397","1281",".276",".327",".445",".772",".169",".326",".337","787","97"
"2009","Blue Jays","1516","209","798","548","1028",".266",".333",".440",".773",".174",".290",".337","806","101"
"2006","Dodgers","1552","153","820","601","959",".276",".348",".432",".781",".157",".307",".337","828","101"
"2011","Tigers","1540","169","787","521","1143",".277",".340",".434",".773",".157",".318",".337","805","109"
"2007","Braves","1562","176","810","534","1149",".275",".339",".435",".774",".160",".314",".337","814","99"
"2001","White Sox","1463","214","798","520","998",".268",".334",".451",".785",".183",".290",".337","814","104"
"2004","Athletics","1545","189","793","608","1061",".270",".343",".433",".776",".163",".300",".337","837","102"
"2004","Orioles","1614","169","842","528","949",".281",".345",".432",".776",".150",".309",".337","833","103"
"2002","Athletics","1450","205","800","609","1008",".261",".339",".432",".771",".171",".284",".337","810","106"
"2000","Dodgers","1408","211","798","668","1083",".257",".341",".431",".771",".174",".283",".337","799","99"
"2004","Rangers","1492","227","860","500","1099",".266",".329",".457",".786",".191",".291",".336","808","95"
"2007","Mets","1543","177","804","549","981",".275",".342",".432",".775",".157",".303",".336","807","100"
"1998","Cubs","1494","212","831","601","1223",".264",".337",".433",".771",".169",".302",".336","814","100"
"2007","Indians","1504","178","811","590","1202",".268",".343",".428",".771",".159",".310",".336","815","104"
"2003","White Sox","1445","220","791","519","916",".263",".331",".446",".777",".182",".279",".336","795","101"
"2004","Cubs","1508","235","789","489","1080",".268",".328",".458",".786",".190",".292",".336","804","98"
"2004","Braves","1503","178","803","587","1158",".270",".343",".434",".777",".164",".309",".336","812","100"
"2017","Indians","1449","212","818","604","1153",".263",".339",".449",".788",".186",".295",".336","839","105"
"2004","Astros","1459","187","804","590","1000",".267",".342",".436",".778",".169",".293",".336","802","98"
"2002","Angels","1603","152","851","462","805",".282",".341",".433",".773",".150",".303",".336","811","105"
"2009","Brewers","1447","182","785","610","1231",".263",".341",".426",".767",".164",".305",".336","786","103"
"2012","Rangers","1526","200","808","478","1103",".273",".334",".446",".780",".173",".306",".336","813","106"
"2001","Diamondbacks","1494","208","818","587","1052",".267",".341",".442",".783",".175",".294",".336","830","97"
"2017","Yankees","1463","241","858","616","1386",".262",".339",".447",".785",".185",".304",".336","853","108"
"2002","Diamondbacks","1471","165","819","643","1016",".267",".346",".423",".769",".156",".298",".335","805","97"
"2003","Twins","1567","155","801","512","1027",".277",".341",".431",".772",".154",".312",".335","815","102"
"2007","Devil Rays","1500","187","782","545","1324",".268",".336",".433",".769",".165",".318",".335","799","103"
"2002","Mariners","1531","152","814","629","1003",".275",".350",".419",".769",".144",".307",".335","814","110"
"1999","White Sox","1563","162","777","499","810",".277",".337",".429",".766",".152",".297",".335","786","94"
"2018","Yankees","1374","267","851","625","1421",".249",".329",".451",".781",".202",".285",".335","838","111"
"2005","Phillies","1494","167","807","639","1083",".270",".348",".423",".772",".154",".306",".335","804","98"
"2007","Reds","1496","204","783","536","1113",".267",".335",".436",".772",".170",".298",".335","799","94"
"2008","Rays","1443","180","774","626","1224",".260",".340",".422",".762",".162",".302",".335","795","105"
"2001","Cardinals","1469","199","814","529","1089",".270",".339",".441",".780",".172",".302",".335","802","101"
"2010","Twins","1521","142","781","559","967",".273",".341",".422",".762",".148",".306",".335","787","106"
"2008","Indians","1455","171","805","560","1213",".262",".339",".424",".763",".162",".305",".334","790","103"
"2011","Cardinals","1513","162","762","542","978",".273",".341",".425",".766",".151",".305",".334","787","112"
"2006","Twins","1608","143","801","490","872",".287",".347",".425",".771",".138",".316",".334","796","101"
"1999","Tigers","1433","212","747","458","1049",".261",".326",".443",".768",".181",".287",".334","759","92"
"2008","Phillies","1407","214","799","586","1117",".255",".332",".438",".770",".182",".283",".334","778","98"
"1999","Cardinals","1461","194","809","613","1202",".262",".338",".426",".764",".163",".300",".334","787","92"
"2010","Brewers","1471","182","750","546","1216",".262",".335",".424",".759",".161",".304",".334","788","104"
"2000","Red Sox","1503","167","792","611","1019",".267",".341",".423",".764",".156",".297",".334","800","92"
"2006","Tigers","1548","203","822","430","1133",".274",".329",".449",".777",".174",".310",".334","789","99"
"1999","Dodgers","1480","187","793","594","1030",".266",".339",".420",".760",".154",".294",".334","780","97"
"2002","Twins","1518","167","768","472","1089",".272",".332",".437",".769",".165",".309",".334","784","101"
"2006","Mets","1469","200","834","547","1071",".264",".334",".445",".780",".181",".293",".334","796","99"
"2004","Angels","1603","162","836","450","942",".282",".341",".429",".770",".147",".312",".334","798","103"
"2010","Blue Jays","1364","257","755","471","1164",".248",".312",".454",".766",".206",".269",".334","758","105"
"2016","Cubs","1409","199","808","656","1339",".256",".343",".429",".772",".173",".302",".333","822","106"
"2006","Rockies","1504","157","813","561","1108",".270",".341",".433",".774",".163",".310",".333","795","87"
"2000","Pirates","1506","168","793","564","1032",".267",".339",".424",".762",".157",".299",".333","790","91"
"2003","Astros","1466","191","805","557","1021",".263",".336",".431",".767",".169",".289",".333","799","97"
"1999","Devil Rays","1531","145","772","544","1042",".274",".343",".411",".754",".137",".312",".333","776","92"
"2009","Indians","1468","161","773","582","1211",".264",".339",".417",".756",".153",".308",".333","780","100"
"2010","Rockies","1452","173","770","585","1274",".263",".336",".425",".760",".162",".310",".333","777","91"
"2010","Rangers","1556","162","787","511","986",".276",".338",".419",".757",".143",".307",".333","783","98"
"2008","Orioles","1486","172","782","533","990",".267",".333",".429",".762",".162",".296",".333","771","99"
"2007","Mariners","1629","153","794","389","861",".287",".337",".425",".762",".138",".313",".333","777","103"
"2018","Dodgers","1394","235","804","647","1436",".250",".333",".442",".774",".191",".294",".333","831","111"
"2007","Angels","1578","123","822","507","883",".284",".345",".417",".762",".133",".315",".333","775","100"
"2017","Rockies","1510","192","824","519","1408",".273",".338",".444",".781",".171",".332",".332","810","87"
"2001","Red Sox","1493","198","772","520","1131",".266",".334",".439",".773",".173",".300",".332","805","100"
"2003","Phillies","1448","166","791","651","1155",".261",".343",".419",".762",".158",".301",".332","797","100"
"2008","Mets","1491","172","799","619","1024",".266",".340",".420",".761",".154",".296",".332","783","100"
"2001","Twins","1514","164","771","495","1083",".272",".337",".433",".770",".161",".310",".332","793","99"
"2006","Reds","1419","217","749","614","1192",".257",".336",".432",".768",".175",".290",".332","787","94"
"2009","Marlins","1493","159","772","568","1226",".268",".340",".416",".756",".148",".316",".332","766","97"
"2003","Royals","1526","162","836","476","926",".274",".336",".427",".763",".153",".301",".332","785","95"
"2008","Braves","1514","130","753","618","1023",".270",".345",".408",".753",".138",".309",".332","781","99"
"2000","Diamondbacks","1466","179","792","535","975",".265",".333",".429",".763",".164",".290",".332","765","88"
"2010","White Sox","1467","177","752","467","922",".268",".332",".420",".752",".152",".292",".332","754","100"
"2009","Dodgers","1511","145","780","607","1068",".270",".346",".412",".758",".141",".309",".332","775","102"
"2001","Yankees","1488","203","804","519","1035",".267",".334",".435",".769",".168",".293",".332","796","103"
"2005","Braves","1453","184","769","534","1084",".265",".333",".435",".768",".170",".298",".331","766","100"
"2012","Angels","1518","187","767","449","1113",".274",".332",".433",".764",".159",".311",".331","776","113"
"2009","Rangers","1436","224","784","472","1253",".260",".320",".445",".764",".185",".296",".331","745","92"
"2014","Tigers","1557","155","757","443","1144",".277",".331",".426",".757",".150",".319",".331","768","112"
"2006","Orioles","1556","164","768","474","878",".277",".339",".424",".763",".146",".302",".331","780","96"
"2002","Rockies","1508","152","778","497","1043",".274",".337",".423",".760",".149",".311",".331","766","82"
"2017","Cubs","1402","223","822","622","1401",".255",".338",".437",".775",".182",".302",".331","816","101"
"2005","Cardinals","1494","170","805","534","947",".270",".339",".423",".762",".153",".297",".331","772","100"
"2002","Phillies","1428","165","710","640","1095",".259",".339",".422",".761",".163",".294",".331","780","101"
"2012","Rockies","1526","166","758","450","1213",".274",".330",".436",".766",".163",".321",".331","780","90"
"2017","Nationals","1477","215","819","542","1327",".266",".332",".449",".782",".183",".311",".331","805","99"
"2003","Mariners","1509","139","795","586","989",".271",".344",".410",".754",".139",".306",".331","784","104"
"2003","Pirates","1492","163","753","529","1049",".267",".338",".420",".758",".153",".302",".331","783","97"
"2006","Cardinals","1484","184","781","531","922",".269",".337",".431",".769",".163",".292",".331","774","98"
"2002","Cardinals","1475","175","787","542","927",".268",".338",".425",".763",".157",".292",".331","770","101"
"2018","Indians","1447","216","818","554","1189",".259",".332",".434",".766",".176",".291",".330","816","104"
"2008","Rockies","1462","160","747","570","1209",".263",".336",".415",".751",".152",".308",".330","761","88"
"2008","Marlins","1397","208","770","543","1371",".254",".326",".433",".759",".179",".300",".330","752","96"
"1998","Angels","1530","147","787","510","1028",".272",".335",".415",".751",".144",".308",".330","770","94"
"2004","Twins","1494","191","780","513","982",".266",".332",".431",".763",".166",".290",".330","777","97"
"2016","Tigers","1476","211","750","493","1303",".267",".331",".438",".769",".171",".312",".330","782","106"
"2003","Giants","1440","180","755","593","980",".264",".338",".425",".763",".161",".291",".330","771","100"
"1999","Pirates","1417","171","775","573","1197",".259",".334",".419",".753",".160",".301",".330","745","88"
"2010","Tigers","1515","152","751","546","1147",".268",".335",".415",".750",".147",".311",".330","770","102"
"2005","Orioles","1492","189","729","447","902",".269",".327",".434",".761",".165",".289",".330","754","101"
"2017","Dodgers","1347","221","770","649","1380",".249",".334",".437",".771",".188",".293",".330","797","104"
"2008","Brewers","1398","198","750","550","1203",".253",".325",".431",".757",".179",".287",".329","755","97"
"2002","Astros","1441","167","749","589","1120",".262",".338",".417",".755",".156",".300",".329","764","94"
"2018","Athletics","1407","227","813","550","1381",".252",".325",".439",".764",".187",".294",".329","806","110"
"2012","Brewers","1442","202","776","466","1240",".259",".325",".437",".762",".177",".299",".329","778","102"
"2017","Diamondbacks","1405","220","812","578","1456",".254",".329",".445",".774",".190",".306",".329","799","95"
"2012","Cardinals","1526","159","765","533","1192",".271",".338",".421",".759",".150",".316",".329","788","106"
"2005","Cubs","1506","194","703","419","920",".270",".324",".440",".764",".170",".291",".329","754","95"
"2006","Marlins","1454","182","758","497","1249",".264",".331",".435",".766",".171",".309",".329","760","96"
"2007","Rangers","1460","179","816","503","1224",".263",".328",".426",".754",".163",".305",".329","757","94"
"2004","Padres","1521","139","768","566","910",".273",".342",".414",".756",".141",".301",".329","772","103"
"2016","Cardinals","1416","225","779","526","1318",".255",".325",".443",".768",".187",".294",".329","786","105"
"2017","Twins","1444","206","815","593","1342",".260",".334",".434",".768",".174",".306",".329","805","102"
"2002","Blue Jays","1457","187","813","522","1142",".261",".327",".430",".757",".169",".295",".329","764","97"
"2001","Cubs","1409","194","777","577","1077",".261",".336",".430",".766",".169",".290",".329","778","98"
"2007","Cubs","1530","151","752","500","1054",".271",".333",".422",".754",".150",".308",".329","761","90"
"2006","Athletics","1429","175","771","650","976",".260",".340",".412",".752",".152",".285",".328","771","97"
"2007","Athletics","1430","171","741","664","1119",".256",".338",".407",".745",".151",".290",".328","773","99"
"2012","Tigers","1467","163","726","511","1103",".268",".335",".422",".757",".154",".307",".328","763","105"
"2008","Twins","1572","111","829","529","979",".279",".340",".408",".748",".129",".316",".328","761","99"
"2009","Tigers","1443","183","743","540","1114",".260",".331",".416",".747",".156",".294",".328","742","94"
"2009","Orioles","1508","160","741","517","1013",".268",".332",".415",".747",".147",".300",".328","742","93"
"1999","Cubs","1411","189","747","571","1170",".257",".329",".420",".749",".163",".293",".328","732","87"
"2005","Diamondbacks","1419","191","696","606","1094",".256",".332",".421",".754",".165",".285",".328","761","91"
"2010","Braves","1411","139","738","634","1140",".258",".339",".401",".740",".143",".301",".327","746","100"
"2005","Devil Rays","1519","157","750","412","990",".274",".329",".425",".754",".151",".306",".327","741","101"
"2003","Marlins","1459","157","751","515","978",".266",".333",".421",".754",".155",".296",".327","753","99"
"2000","Expos","1475","178","738","476","1048",".266",".326",".432",".758",".165",".299",".327","731","87"
"2004","Dodgers","1450","203","761","536","1092",".262",".332",".423",".755",".161",".291",".327","755","97"
"2006","Angels","1539","159","766","486","914",".274",".334",".425",".759",".150",".301",".327","758","95"
"2005","Brewers","1413","175","726","531","1162",".259",".331",".423",".754",".163",".298",".327","740","95"
"2009","Nationals","1416","156","710","617","1208",".258",".337",".406",".743",".148",".302",".327","739","96"
"2006","Nationals","1437","164","746","594","1156",".262",".338",".418",".756",".156",".301",".327","760","96"
"2009","Braves","1459","149","735","602","1064",".263",".339",".405",".744",".142",".300",".327","744","97"
"2007","Orioles","1529","142","756","500","939",".272",".333",".412",".746",".141",".302",".327","753","95"
"2000","Twins","1516","116","748","556","1021",".270",".337",".407",".744",".137",".309",".327","749","86"
"2013","Athletics","1403","186","767","573","1178",".254",".327",".419",".745",".165",".289",".327","743","108"
"2011","Brewers","1422","185","721","481","1083",".261",".325",".425",".750",".164",".293",".327","736","103"
"2000","Cubs","1426","183","764","632","1120",".256",".335",".411",".746",".155",".288",".327","759","89"
"2014","Dodgers","1476","134","718","519","1246",".265",".333",".406",".738",".140",".318",".327","745","112"
"2016","Blue Jays","1358","221","759","632","1362",".248",".330",".426",".755",".178",".289",".327","778","104"
"2018","Astros","1390","205","797","565","1197",".255",".329",".425",".754",".170",".289",".327","778","110"
"2010","Phillies","1451","166","772","560","1064",".260",".332",".413",".745",".153",".292",".327","747","99"
"1998","Athletics","1413","149","804","633","1122",".257",".338",".397",".735",".140",".296",".327","752","94"
"2016","Indians","1435","185","777","531","1246",".262",".329",".430",".759",".168",".304",".326","767","100"
"1999","Expos","1473","163","718","438","939",".265",".323",".427",".751",".162",".292",".326","720","86"
"2004","Reds","1380","194","750","599","1335",".250",".331",".418",".749",".168",".295",".326","753","92"
"1998","Reds","1441","138","750","608","1107",".262",".337",".402",".739",".140",".303",".326","743","92"
"2010","Rays","1343","160","802","672","1292",".247",".333",".403",".736",".156",".293",".326","745","106"
"2006","Diamondbacks","1506","160","773","504","965",".267",".331",".424",".755",".157",".294",".326","758","87"
"2007","Cardinals","1513","141","725","506","909",".274",".337",".405",".743",".132",".303",".326","737","94"
"2005","Marlins","1499","128","717","512","918",".272",".339",".409",".748",".137",".304",".326","742","98"
"2002","Expos","1432","162","735","575","1104",".261",".334",".418",".752",".157",".298",".326","746","93"
"2009","White Sox","1410","184","724","534","1022",".258",".329",".411",".740",".153",".285",".326","719","91"
"2007","Blue Jays","1434","165","753","533","1044",".259",".327",".419",".746",".160",".290",".326","738","95"
"2007","Dodgers","1544","129","735","511","864",".275",".337",".406",".743",".131",".303",".326","745","94"
"2017","Cardinals","1402","196","761","593","1348",".256",".334",".426",".760",".170",".304",".326","779","100"
"2016","Orioles","1413","253","744","468","1324",".256",".317",".443",".760",".188",".291",".326","755","103"
"2003","Brewers","1423","196","714","547","1221",".256",".329",".419",".748",".163",".294",".325","752","93"
"2018","Nationals","1402","191","771","631","1289",".254",".335",".419",".753",".164",".297",".325","787","101"
"2016","Mariners","1446","223","768","506","1288",".259",".326",".430",".756",".171",".297",".325","770","108"
"2005","Rockies","1478","150","741","509","1103",".267",".333",".411",".744",".144",".307",".325","741","85"
"2009","Cardinals","1436","160","730","528","1041",".263",".332",".415",".747",".152",".296",".325","720","98"
"2014","Blue Jays","1435","177","723","502","1151",".259",".323",".414",".736",".155",".295",".325","734","107"
"2010","Diamondbacks","1366","180","713","589","1529",".250",".325",".416",".740",".166",".312",".325","727","93"
"2017","Reds","1390","219","753","565","1329",".253",".329",".433",".761",".179",".294",".325","774","95"
"2013","Angels","1476","164","733","523","1221",".264",".329",".414",".743",".150",".307",".325","741","109"
"2018","Rockies","1418","210","780","507","1397",".256",".322",".435",".757",".179",".304",".325","769","87"
"2011","Royals","1560","129","730","442","1006",".275",".329",".415",".744",".140",".311",".325","746","101"
"2007","Astros","1457","167","723","547","1043",".260",".330",".412",".742",".152",".291",".325","742","92"
"1998","Padres","1390","167","749","604","1072",".253",".330",".409",".739",".155",".285",".325","734","99"
"2006","Padres","1465","161","731","564","1104",".263",".332",".416",".749",".154",".299",".325","748","99"
"2015","Astros","1363","230","729","486","1392",".250",".315",".437",".752",".187",".292",".325","739","108"
"2017","Marlins","1497","194","778","486","1282",".267",".331",".431",".761",".163",".313",".325","775","102"
"2014","Pirates","1436","156","682","520","1244",".259",".330",".404",".734",".145",".307",".325","733","108"
"2008","Angels","1486","159","765","481","987",".268",".330",".413",".743",".145",".299",".324","722","96"
"2005","White Sox","1450","200","741","435","1002",".262",".322",".425",".747",".163",".286",".324","729","95"
"2005","Tigers","1521","168","723","384","1038",".272",".321",".428",".750",".157",".304",".324","727","99"
"2001","Blue Jays","1489","195","767","470","1094",".263",".325",".430",".755",".167",".293",".324","765","94"
"2009","Cubs","1398","161","707","592","1185",".255",".332",".407",".738",".152",".296",".324","722","90"
"2008","Diamondbacks","1355","159","720","587","1287",".251",".327",".415",".742",".164",".299",".324","716","88"
"2000","Marlins","1441","160","731","540","1184",".262",".331",".409",".740",".147",".304",".324","722","89"
"2013","Rockies","1511","159","706","427","1204",".270",".323",".418",".741",".149",".317",".324","719","87"
"2013","Indians","1391","171","745","562","1283",".255",".327",".410",".737",".155",".300",".324","725","104"
"2012","Nationals","1468","194","731","479","1325",".261",".322",".428",".750",".166",".308",".324","751","101"
"2016","Rangers","1446","215","765","436","1220",".262",".322",".433",".755",".172",".298",".324","747","95"
"2013","Rays","1421","165","700","589","1171",".257",".329",".408",".737",".151",".295",".324","733","107"
"2011","Rockies","1429","163","735","555","1201",".258",".329",".410",".739",".152",".300",".324","739","88"
"2015","Tigers","1515","151","689","455","1259",".270",".328",".420",".748",".150",".322",".324","745","103"
"1998","Tigers","1494","165","722","455","1070",".264",".323",".415",".738",".152",".297",".324","733","90"
"2009","Diamondbacks","1408","173","720","571","1298",".253",".324",".418",".742",".165",".299",".324","722","89"
"2005","Blue Jays","1480","136","775","486","955",".265",".331",".407",".738",".142",".296",".323","734","94"
"2013","Orioles","1460","212","745","416","1125",".260",".313",".431",".744",".171",".288",".323","719","101"
"2002","Marlins","1433","146","699","595","1130",".261",".337",".403",".740",".142",".301",".323","734","97"
"2012","Diamondbacks","1416","165","734","539","1266",".259",".328",".418",".746",".159",".307",".323","736","97"
"2003","Angels","1473","150","736","476","838",".268",".330",".413",".743",".144",".291",".323","725","96"
"2005","Athletics","1476","155","772","537","819",".262",".330",".407",".737",".145",".281",".323","738","99"
"2006","Royals","1515","124","757","474","1040",".271",".332",".411",".743",".140",".311",".323","736","92"
"2015","Yankees","1397","212","764","554","1227",".251",".323",".421",".744",".170",".283",".323","754","103"
"2001","Marlins","1461","166","742","470","1145",".264",".326",".423",".749",".159",".303",".323","738","95"
"2013","Rangers","1465","176","730","462","1067",".262",".323",".412",".735",".150",".294",".323","722","97"
"2003","Diamondbacks","1467","152","717","531","1006",".263",".330",".417",".746",".153",".295",".323","736","86"
"2010","Royals","1534","121","676","471","905",".274",".331",".399",".730",".126",".305",".323","721","98"
"2014","Orioles","1434","211","705","401","1285",".256",".311",".422",".734",".166",".296",".323","717","104"
"2017","Athletics","1344","234","739","565","1491",".246",".319",".436",".755",".190",".294",".323","756","102"
"2006","Mariners","1540","172","756","404","974",".272",".325",".424",".749",".153",".300",".322","731","95"
"2002","Braves","1428","164","708","558","1028",".260",".331",".409",".741",".150",".290",".322","724","94"
"2006","Brewers","1400","180","730","502","1233",".258",".327",".420",".747",".162",".300",".322","715","89"
"2003","Athletics","1398","176","768","556","898",".254",".327",".417",".743",".162",".273",".322","730","95"
"2018","Rays","1415","150","716","540","1388",".258",".333",".406",".740",".148",".317",".322","762","105"
"2013","Cardinals","1494","125","783","481","1110",".269",".332",".401",".733",".133",".314",".322","715","104"
"2018","Brewers","1398","218","754","537","1458",".252",".323",".424",".747",".172",".302",".322","760","99"
"2008","Astros","1432","167","712","449","1051",".263",".323",".415",".737",".152",".296",".322","695","94"
"2002","Reds","1386","169","709","583","1188",".253",".330",".408",".738",".155",".293",".322","724","91"
"2001","Dodgers","1399","206","758","519","1062",".255",".323",".425",".748",".170",".279",".322","735","97"
"2008","Blue Jays","1453","126","714","521","938",".264",".331",".399",".731",".135",".295",".322","711","94"
"2015","Dodgers","1346","187","667","563","1258",".250",".326",".413",".739",".163",".292",".322","723","106"
"2007","Pirates","1463","148","724","463","1135",".263",".325",".411",".736",".149",".303",".322","715","90"
"2011","Reds","1438","183","735","535","1250",".256",".326",".408",".734",".152",".297",".322","735","99"
"2010","Cardinals","1456","150","736","541","1027",".263",".332",".402",".733",".139",".296",".322","720","99"
"2017","Mets","1379","224","735","529","1291",".250",".320",".434",".755",".184",".286",".322","753","101"
"1999","Padres","1360","153","710","631","1169",".252",".332",".393",".725",".141",".294",".322","693","90"
"2016","Nationals","1403","203","763","536","1253",".256",".325",".426",".751",".170",".293",".322","744","96"
"2011","Diamondbacks","1357","172","731","531","1249",".250",".322",".413",".736",".163",".294",".322","710","97"
"2006","Astros","1407","174","735","585","1076",".255",".332",".409",".741",".154",".286",".322","734","90"
"2012","White Sox","1409","211","748","461","1203",".255",".318",".422",".740",".167",".289",".322","728","98"
"2016","Diamondbacks","1479","190","752","463","1427",".261",".320",".432",".752",".171",".315",".321","751","93"
"2008","Dodgers","1455","137","700","543","1032",".264",".333",".399",".732",".134",".301",".321","705","93"
"2017","Rangers","1326","237","799","544","1493",".244",".320",".430",".750",".186",".291",".321","747","91"
"2001","Padres","1379","161","789","678","1273",".252",".336",".399",".735",".147",".297",".321","745","97"
"1998","Brewers","1439","152","707","532","1039",".260",".330",".396",".726",".136",".294",".321","715","91"
"2017","Brewers","1363","224","732","547","1571",".249",".322",".429",".751",".180",".308",".321","745","93"
"2015","Red Sox","1495","161","748","478","1148",".265",".325",".415",".740",".149",".305",".321","740","99"
"2000","Devil Rays","1414","162","733","558","1022",".257",".329",".399",".728",".142",".287",".321","708","83"
"2015","Rockies","1479","186","737","388","1283",".265",".315",".432",".748",".167",".313",".321","718","87"
"2000","Padres","1413","157","752","602","1177",".254",".330",".402",".732",".148",".294",".321","714","91"
"2017","Mariners","1436","200","750","487","1267",".259",".325",".424",".749",".165",".300",".321","751","104"
"2003","Cubs","1431","172","724","492","1158",".259",".323",".416",".739",".157",".297",".321","718","91"
"2017","Tigers","1435","187","735","503","1313",".258",".324",".424",".748",".166",".306",".321","749","98"
"2014","Angels","1464","155","773","492","1266",".259",".322",".406",".728",".147",".305",".321","726","110"
"2001","Phillies","1431","164","746","551","1125",".260",".329",".414",".743",".154",".297",".321","735","92"
"2018","Cubs","1453","167","761","576","1388",".258",".333",".410",".744",".152",".313",".321","772","100"
"2004","Marlins","1447","148","718","499","968",".264",".329",".406",".736",".143",".295",".321","710","94"
"2015","Rangers","1419","172","751","503","1233",".257",".325",".413",".739",".156",".300",".321","732","98"
"2001","Reds","1464","176","735","468","1172",".262",".324",".419",".744",".157",".301",".321","733","88"
"2009","Athletics","1464","135","759","527","1046",".262",".328",".397",".726",".135",".298",".320","705","94"
"2009","Mets","1472","95","671","526","928",".270",".335",".394",".729",".124",".307",".320","691","94"
"2000","Phillies","1386","144","708","611","1117",".251",".329",".400",".729",".148",".290",".320","707","83"
"2001","Brewers","1378","209","740","488","1399",".251",".319",".426",".745",".175",".299",".320","722","90"
"2002","Indians","1349","192","739","542","1000",".249",".321",".412",".733",".163",".271",".320","704","95"
"2013","Blue Jays","1398","185","712","510","1123",".252",".318",".411",".729",".158",".284",".320","704","99"
"2004","Blue Jays","1438","145","719","513","1083",".260",".328",".403",".732",".143",".298",".320","712","88"
"2007","Diamondbacks","1350","171","712","532","1111",".250",".321",".413",".734",".163",".282",".320","692","82"
"2006","Cubs","1496","166","716","395","928",".268",".319",".422",".741",".154",".294",".320","705","84"
"2011","Orioles","1434","191","708","452","1120",".257",".316",".413",".729",".156",".288",".320","709","96"
"2005","Mets","1421","175","722","486","1075",".258",".322",".416",".738",".158",".290",".320","701","93"
"2010","Giants","1411","162","697","487","1099",".257",".321",".408",".729",".151",".293",".320","692","98"
"2006","Giants","1418","163","746","494","891",".259",".324",".422",".746",".163",".282",".320","706","88"
"2007","Padres","1408","171","741","557","1229",".251",".322",".411",".732",".160",".291",".320","717","96"
"2002","Cubs","1351","200","707","586","1269",".246",".321",".413",".734",".167",".283",".320","712","93"
"2011","Rays","1324","172","707","571","1193",".244",".322",".402",".724",".159",".281",".319","707","103"
"2011","Mets","1477","108","718","571","1085",".264",".335",".391",".725",".127",".307",".319","722","102"
"2000","Brewers","1366","177","740","620","1245",".246",".325",".403",".729",".158",".284",".319","712","82"
"2011","Blue Jays","1384","186","743","525","1184",".249",".317",".413",".730",".164",".283",".319","714","97"
"2015","Diamondbacks","1494","154","720","490","1312",".264",".324",".414",".738",".150",".316",".319","732","95"
"2018","Braves","1433","175","759","511","1290",".257",".324",".417",".742",".161",".302",".319","748","97"
"2008","Reds","1351","187","704","560","1125",".247",".321",".408",".729",".161",".278",".319","692","87"
"1998","Royals","1459","134","714","475","984",".263",".324",".399",".724",".136",".295",".319","699","85"
"2018","Blue Jays","1336","217","709","499","1387",".244",".312",".427",".739",".183",".286",".319","729","101"
"2005","Angels","1520","147","761","447","848",".270",".325",".409",".734",".139",".294",".319","705","96"
"1998","Mets","1425","136","706","572","1049",".259",".330",".394",".724",".135",".295",".318","702","93"
"2016","Pirates","1426","153","729","561","1334",".257",".332",".402",".734",".144",".311",".318","735","97"
"2010","Marlins","1403","152","719","514","1375",".254",".321",".403",".724",".149",".309",".318","694","92"
"2017","Orioles","1469","232","743","392","1412",".260",".312",".435",".747",".175",".306",".318","735","97"
"2015","Giants","1486","136","696","457","1159",".267",".326",".406",".732",".139",".313",".318","713","104"
"2005","Padres","1416","130","684","600","977",".257",".333",".391",".724",".134",".289",".318","707","98"
"2013","Braves","1354","181","688","542","1384",".249",".321",".402",".723",".153",".300",".318","689","102"
"2015","Royals","1497","139","724","383","973",".269",".322",".412",".734",".144",".301",".318","711","99"
"2005","Astros","1400","161","693","481","1037",".256",".322",".408",".730",".152",".288",".318","691","90"
"2010","Cubs","1414","149","685","479","1236",".257",".320",".401",".721",".145",".304",".318","684","90"
"2001","Angels","1447","158","691","494","1001",".261",".327",".405",".732",".144",".290",".318","723","93"
"2003","Padres","1442","128","678","565","1073",".261",".333",".388",".721",".127",".301",".318","710","95"
"2009","Royals","1432","144","686","457","1091",".259",".318",".405",".724",".146",".298",".318","675","88"
"2007","Twins","1460","118","718","512","839",".264",".330",".391",".721",".127",".291",".317","689","91"
"2003","Orioles","1516","152","743","431","903",".267",".323",".405",".728",".138",".293",".317","711","94"
"2004","Mariners","1544","136","698","492","1058",".270",".331",".396",".727",".127",".308",".317","719","93"
"2001","Braves","1432","174","729","493","1039",".260",".324",".412",".736",".152",".290",".317","706","89"
"2005","Dodgers","1374","149","685","541","1094",".253",".326",".395",".721",".142",".290",".317","686","91"
"2013","Dodgers","1447","138","649","476","1146",".264",".326",".396",".722",".133",".308",".317","685","103"
"2016","Twins","1409","200","722","513","1426",".251",".316",".421",".738",".171",".300",".317","729","95"
"1999","Marlins","1465","128","691","479","1145",".263",".325",".395",".719",".132",".307",".317","679","84"
"1998","Twins","1499","115","734","506","915",".266",".328",".389",".717",".123",".297",".317","700","83"
"2018","Reds","1404","172","696","559","1376",".254",".328",".401",".729",".148",".307",".317","737","95"
"1998","Phillies","1482","126","713","508","1080",".264",".326",".395",".721",".131",".303",".317","700","87"
"2008","Pirates","1454","153","735","474","1039",".258",".320",".403",".723",".145",".290",".317","692","89"
"2002","Dodgers","1464","155","713","428","940",".264",".320",".409",".729",".146",".291",".317","688","96"
"2016","Astros","1367","198","724","554","1452",".247",".319",".417",".735",".170",".298",".317","724","101"
"2014","Nationals","1403","152","686","517","1304",".253",".321",".393",".714",".140",".303",".317","694","99"
"2012","Orioles","1375","214","712","480","1315",".247",".311",".417",".728",".170",".286",".317","708","96"
"2007","White Sox","1341","190","693","532","1149",".246",".318",".404",".722",".158",".278",".316","679","86"
"2006","Devil Rays","1395","190","689","441","1106",".255",".314",".420",".733",".165",".285",".316","680","89"
"2002","Royals","1415","140","737","524","921",".256",".323",".398",".721",".143",".282",".316","697","85"
"2014","Twins","1412","128","715","544","1329",".254",".324",".389",".713",".135",".309",".316","701","100"
"2003","Expos","1404","144","711","522","990",".258",".326",".401",".727",".143",".290",".316","688","85"
"2017","Red Sox","1461","168","785","571","1224",".258",".329",".407",".736",".149",".300",".316","748","91"
"1999","Angels","1404","158","711","511","1022",".256",".322",".395",".716",".139",".286",".316","667","80"
"2012","Red Sox","1459","165","734","428","1197",".260",".315",".415",".730",".155",".301",".316","710","95"
"2001","Tigers","1439","139","724","466","972",".260",".320",".409",".730",".150",".291",".316","704","94"
"2018","Cardinals","1369","205","759","525","1380",".249",".321",".409",".730",".160",".294",".316","727","98"
"2017","Braves","1467","165","732","474","1184",".263",".326",".412",".738",".150",".305",".316","723","89"
"2017","Rays","1340","228","694","545","1538",".245",".317",".422",".739",".178",".296",".316","722","98"
"2013","Reds","1370","155","698","585","1245",".249",".327",".391",".718",".142",".293",".316","692","96"
"1999","Twins","1450","105","686","500","978",".264",".328",".384",".712",".120",".301",".315","663","79"
"2015","Indians","1395","141","669","533","1157",".256",".325",".401",".725",".144",".299",".315","700","97"
"2005","Pirates","1445","139","680","471","1092",".259",".322",".400",".723",".141",".297",".315","687","89"
"2016","Brewers","1299","194","671","599","1543",".244",".322",".407",".729",".163",".304",".315","695","92"
"2011","Phillies","1409","153","713","539","1024",".253",".323",".395",".717",".142",".283",".315","697","96"
"2008","Royals","1507","120","691","392","1005",".269",".320",".397",".717",".128",".307",".315","669","87"
"2015","Orioles","1370","217","713","418","1331",".250",".307",".421",".728",".171",".291",".315","684","97"
"2009","Astros","1415","142","643","448","990",".260",".319",".400",".719",".140",".293",".315","651","89"
"2007","Nationals","1415","123","673","524","1128",".256",".325",".390",".715",".134",".300",".315","677","88"
"2004","Devil Rays","1416","145","714","469","944",".258",".320",".405",".725",".147",".286",".315","675","87"
"2016","Mets","1342","218","671","517","1302",".246",".316",".417",".733",".171",".282",".315","699","99"
"2018","Rangers","1308","194","737","555","1484",".240",".318",".404",".722",".164",".292",".315","718","90"
"2016","Giants","1437","130","715","572","1107",".258",".329",".398",".728",".140",".299",".315","717","96"
"2006","Pirates","1462","141","691","459","1200",".263",".327",".397",".723",".134",".310",".315","686","86"
"2015","Nationals","1363","177","703","539","1344",".251",".321",".403",".724",".151",".300",".315","691","96"
"2016","Rays","1333","216","672","449","1482",".243",".307",".426",".733",".182",".293",".315","694","98"
"2016","Dodgers","1375","189","725","525","1321",".249",".319",".409",".728",".160",".294",".314","705","97"
"2004","Pirates","1428","142","680","415","1066",".260",".321",".401",".722",".141",".298",".314","670","85"
"2002","Mets","1409","160","690","486","1044",".256",".322",".395",".717",".139",".289",".314","676","91"
"2012","Giants","1495","103","718","483","1097",".269",".327",".397",".724",".128",".315",".314","699","101"
"2004","Royals","1432","150","720","461","1057",".259",".322",".397",".720",".139",".293",".314","681","82"
"2011","Indians","1380","154","704","494","1269",".250",".317",".396",".714",".146",".297",".314","680","99"
"2003","Devil Rays","1501","137","715","420","1030",".265",".320",".404",".724",".139",".301",".314","691","90"
"2004","Mets","1376","185","684","512","1159",".249",".317",".409",".726",".160",".282",".314","681","88"
"2001","Royals","1503","152","729","406","898",".266",".318",".409",".727",".143",".291",".314","697","82"
"2016","Angels","1410","156","717","471","991",".260",".322",".405",".726",".145",".289",".314","691","99"
"2016","White Sox","1428","168","686","455","1285",".257",".317",".410",".727",".153",".304",".314","701","97"
"2012","Reds","1377","172","669","481","1266",".251",".315",".411",".726",".159",".296",".314","688","93"
"2013","Diamondbacks","1468","130","685","519","1142",".259",".323",".391",".715",".133",".301",".314","690","93"
"2011","Cubs","1423","148","654","425","1202",".256",".314",".401",".715",".144",".301",".314","670","91"
"2011","Angels","1394","155","667","442","1086",".253",".313",".402",".714",".149",".288",".313","669","98"
"2015","Cubs","1341","171","689","567","1518",".244",".321",".398",".719",".154",".305",".313","695","96"
"2018","Angels","1323","214","721","514","1300",".242",".313",".413",".726",".171",".277",".313","710","100"
"2018","Twins","1379","166","738","534","1328",".250",".318",".405",".723",".155",".298",".313","711","95"
"2005","Royals","1445","126","701","424","1008",".263",".320",".396",".716",".134",".298",".313","665","87"
"2003","Indians","1413","158","699","466","1062",".254",".316",".401",".717",".148",".286",".313","682","90"
"2015","Rays","1383","167","644","436","1310",".252",".314",".406",".720",".154",".300",".313","682","100"
"2014","Indians","1411","142","669","504","1189",".253",".317",".389",".706",".136",".296",".313","683","98"
"2017","White Sox","1412","186","706","401","1397",".256",".314",".417",".731",".161",".309",".313","698","95"
"2010","Nationals","1355","149","655","503","1220",".250",".318",".390",".708",".140",".294",".313","658","90"
"2010","Athletics","1396","109","663","527","1061",".256",".324",".378",".702",".122",".297",".313","663","95"
"2009","Reds","1349","158","673","531","1129",".247",".318",".394",".712",".147",".282",".313","652","84"
"2012","Twins","1448","131","701","505","1069",".260",".325",".390",".715",".130",".298",".313","698","95"
"2015","Mariners","1379","198","656","478","1336",".249",".311",".411",".722",".162",".292",".313","686","100"
"2015","Pirates","1462","140","697","461","1322",".260",".323",".396",".719",".136",".314",".313","699","97"
"2018","Mariners","1402","176","677","430","1221",".254",".314",".408",".722",".154",".295",".313","701","101"
"2009","Mariners","1430","160","640","421","1093",".258",".314",".402",".716",".144",".293",".313","651","89"
"2014","Brewers","1366","150","650","423","1197",".250",".311",".397",".708",".147",".293",".313","656","94"
"2014","White Sox","1400","155","660","417","1362",".253",".310",".398",".708",".146",".306",".312","664","99"
"2007","Royals","1447","102","706","428","1069",".261",".322",".388",".710",".126",".305",".312","663","85"
"2018","Pirates","1381","157","692","474","1229",".254",".317",".407",".725",".154",".298",".312","693","96"
"2005","Giants","1427","128","649","431","901",".261",".319",".396",".714",".135",".290",".312","656","86"
"2017","Royals","1436","193","702","390","1166",".259",".311",".420",".731",".160",".295",".312","690","91"
"2003","Reds","1349","182","694","524","1326",".245",".318",".395",".713",".150",".289",".312","678","84"
"1998","Devil Rays","1450","111","620","473","1107",".261",".321",".385",".706",".123",".306",".312","664","83"
"2002","Brewers","1369","139","627","500","1125",".253",".320",".390",".711",".137",".294",".312","657","86"
"2011","White Sox","1387","154","654","475","989",".252",".319",".388",".706",".136",".280",".312","672","90"
"2005","Twins","1441","134","688","485","978",".259",".323",".391",".714",".132",".291",".312","670","89"
"2013","Pirates","1346","161","634","469","1330",".245",".313",".396",".709",".151",".294",".312","658","99"
"2017","Blue Jays","1320","222","693","542","1327",".240",".312",".412",".724",".172",".276",".312","701","93"
"2014","Athletics","1354","146","729","586","1104",".244",".320",".381",".700",".137",".278",".312","678","102"
"2013","Nationals","1365","161","656","464","1192",".251",".313",".398",".710",".146",".292",".311","646","94"
"2010","Indians","1362","128","646","545","1184",".248",".322",".378",".700",".130",".293",".311","661","94"
"2008","Padres","1390","154","637","518","1259",".250",".317",".390",".707",".140",".294",".311","662","92"
"2012","Phillies","1414","158","684","454","1094",".255",".317",".400",".716",".144",".290",".311","683","93"
"1998","Diamondbacks","1353","159","665","489","1239",".246",".314",".393",".707",".146",".290",".311","653","82"
"2012","Rays","1293","175","697","571","1323",".240",".317",".394",".711",".155",".284",".311","678","100"
"2011","Marlins","1358","149","625","542","1244",".247",".318",".388",".706",".142",".291",".311","671","92"
"2016","Reds","1403","164","716","452","1284",".256",".316",".408",".724",".152",".303",".311","678","89"
"2013","Brewers","1381","157","640","407","1183",".252",".311",".398",".708",".145",".294",".311","647","91"
"2012","Blue Jays","1346","198","716","473","1251",".245",".309",".407",".716",".161",".281",".311","676","92"
"2012","Royals","1492","131","676","404","1032",".265",".317",".400",".716",".135",".302",".311","682","94"
"2012","Athletics","1315","195","713","550","1387",".238",".310",".404",".714",".166",".281",".311","685","97"
"2015","Cardinals","1386","137","647","506","1267",".253",".321",".394",".716",".142",".303",".311","676","97"
"2016","Yankees","1377","183","680","475","1188",".252",".314",".405",".720",".153",".289",".311","676","92"
"2002","Orioles","1353","165","667","452","993",".246",".309",".403",".712",".157",".271",".311","655","90"
"2008","Mariners","1498","124","671","417","890",".265",".318",".389",".707",".124",".294",".310","654","90"
"2017","Phillies","1382","174","690","494","1417",".250",".315",".409",".723",".159",".304",".310","690","88"
"2008","Nationals","1376","117","641","534","1095",".251",".323",".373",".696",".122",".292",".310","649","84"
"2010","Angels","1363","155","681","466","1070",".248",".311",".390",".702",".142",".281",".310","645","94"
"2010","Orioles","1440","133","613","424","1056",".259",".316",".386",".702",".127",".296",".310","648","87"
"2009","Pirates","1364","125","636","499","1142",".252",".318",".387",".705",".135",".296",".310","628","86"
"2012","Indians","1385","136","667","555","1087",".251",".324",".381",".705",".131",".288",".310","681","97"
"2012","Braves","1341","149","700","567","1289",".247",".320",".389",".709",".142",".296",".310","668","92"
"2007","Giants","1407","131","683","532","907",".254",".322",".387",".708",".133",".281",".310","656","81"
"2009","Padres","1315","141","638","586","1182",".242",".321",".381",".701",".138",".284",".309","638","93"
"2016","Marlins","1460","128","655","447","1213",".263",".322",".394",".716",".131",".314",".309","674","95"
"2008","Giants","1452","94","640","452","1044",".262",".321",".382",".703",".120",".305",".309","639","83"
"2005","Nationals","1367","117","639","491","1090",".252",".322",".386",".708",".134",".293",".309","646","88"
"2010","Dodgers","1368","120","667","533","1184",".252",".322",".379",".700",".127",".299",".309","640","92"
"2015","Mets","1351","177","683","488","1290",".244",".312",".400",".712",".156",".287",".309","669","98"
"1998","Expos","1348","147","644","439","1058",".249",".310",".394",".704",".145",".283",".309","633","83"
"2001","Devil Rays","1426","121","672","456","1116",".258",".320",".388",".707",".130",".303",".309","664","86"
"2004","Brewers","1358","135","634","540","1312",".248",".321",".387",".708",".139",".300",".309","653","82"
"2002","Padres","1393","136","662","547","1062",".253",".321",".381",".702",".129",".288",".309","653","91"
"2001","Mets","1361","147","642","545","1062",".249",".323",".387",".710",".137",".283",".309","666","87"
"2005","Mariners","1408","130","699","466","986",".256",".317",".391",".709",".136",".289",".309","644","90"
"2001","Expos","1361","131","670","478","1071",".253",".319",".396",".715",".143",".291",".309","652","79"
"2002","Devil Rays","1418","133","673","456","1115",".253",".314",".390",".704",".137",".293",".309","655","87"
"2013","Giants","1446","107","629","469","1078",".260",".320",".381",".702",".121",".304",".309","645","100"
"2014","Giants","1407","132","665","427","1245",".255",".311",".388",".699",".133",".304",".308","642","99"
"2002","Pirates","1300","142","641","537","1110",".244",".319",".380",".700",".137",".281",".308","636","84"
"2015","Athletics","1405","146","694","475","1119",".251",".312",".395",".707",".144",".288",".308","668","95"
"2014","Cardinals","1371","105","619","471","1133",".253",".320",".369",".689",".116",".300",".308","639","95"
"2014","Astros","1317","163","629","495","1442",".242",".309",".383",".692",".141",".298",".308","640","98"
"2018","Phillies","1270","186","677","582","1520",".234",".314",".393",".707",".158",".289",".307","677","91"
"2016","Royals","1450","147","675","382","1224",".261",".312",".400",".712",".139",".309",".307","657","89"
"2014","Marlins","1399","122","645","501","1419",".253",".317",".378",".694",".125",".316",".307","647","95"
"2015","Reds","1382","167","640","496","1255",".248",".312",".394",".706",".146",".290",".307","664","91"
"1998","Dodgers","1374","159","669","447","1056",".252",".310",".387",".698",".136",".283",".307","624","88"
"2013","Mariners","1318","188","624","529","1353",".237",".306",".390",".695",".152",".279",".307","642","95"
"2017","Angels","1314","186","710","523","1198",".243",".315",".397",".712",".155",".277",".307","669","93"
"2013","Twins","1346","151","614","533","1430",".242",".312",".380",".692",".138",".298",".307","645","91"
"2010","Mets","1361","128","656","502","1095",".249",".314",".383",".697",".134",".287",".307","632","89"
"2011","Dodgers","1395","117","644","498","1087",".257",".322",".375",".697",".118",".299",".307","638","95"
"2012","Padres","1339","121","651","539","1238",".247",".319",".380",".699",".133",".297",".307","651","97"
"1998","Marlins","1381","114","667","525","1120",".248",".317",".373",".690",".124",".291",".306","638","85"
"2012","Mets","1357","139","650","503","1250",".249",".316",".386",".701",".137",".298",".306","647","94"
"2001","Orioles","1359","136","687","514","989",".248",".319",".380",".699",".131",".278",".306","654","88"
"2004","Expos","1361","151","635","496","925",".249",".313",".392",".705",".143",".273",".306","630","77"
"2008","Athletics","1318","125","646","574","1226",".242",".318",".369",".686",".127",".289",".306","626","86"
"2018","Diamondbacks","1283","176","693","560","1460",".235",".310",".397",".707",".162",".286",".306","672","88"
"2001","Pirates","1333","161","657","467","1106",".247",".313",".393",".706",".146",".281",".306","635","80"
"2014","Royals","1456","95","651","380","985",".263",".314",".376",".690",".113",".302",".306","631","92"
"2011","Braves","1345","173","641","504","1260",".243",".308",".387",".695",".144",".284",".306","637","91"
"2014","Yankees","1349","147","633","452","1133",".245",".307",".380",".687",".135",".282",".305","631","94"
"2014","Rangers","1400","111","637","417","1162",".256",".314",".375",".689",".119",".305",".305","626","90"
"2015","Twins","1349","156","696","439","1264",".247",".305",".399",".704",".152",".292",".305","637","89"
"2009","Giants","1411","122","657","392","1158",".257",".309",".389",".699",".132",".302",".305","602","83"
"2004","Diamondbacks","1401","135","615","441","1022",".253",".310",".393",".703",".140",".286",".305","626","74"
"2015","Angels","1331","176","661","435","1150",".246",".307",".396",".702",".150",".280",".305","634","95"
"2013","Royals","1443","112","648","422","1048",".260",".315",".379",".694",".119",".300",".305","624","89"
"2014","Rays","1361","117","612","527","1124",".247",".317",".367",".684",".120",".287",".305","642","97"
"2018","Mets","1282","170","676","566","1404",".234",".312",".389",".701",".154",".283",".305","670","95"
"2014","Red Sox","1355","123","634","535","1337",".244",".316",".369",".684",".124",".297",".305","644","89"
"2011","Nationals","1319","154","624","470","1323",".242",".309",".383",".691",".140",".292",".305","624","89"
"2013","Cubs","1307","172","602","439","1230",".238",".300",".392",".693",".154",".275",".304","618","90"
"2017","Pirates","1331","151","668","519","1213",".244",".318",".386",".704",".142",".286",".304","657","85"
"2016","Braves","1404","122","649","502","1240",".255",".321",".384",".705",".130",".305",".304","654","86"
"2010","Padres","1338","132","665","538","1183",".246",".317",".371",".689",".125",".290",".304","622","92"
"2018","White Sox","1332","182","656","425","1594",".241",".302",".401",".703",".160",".304",".304","656","92"
"2015","Brewers","1378","145","655","412","1299",".251",".307",".393",".700",".142",".303",".304","627","87"
"2012","Pirates","1313","170","651","444","1354",".243",".304",".395",".699",".152",".291",".304","627","91"
"1998","Pirates","1395","107","650","393","1060",".254",".311",".374",".686",".121",".294",".304","609","78"
"2013","Phillies","1355","140","610","417","1205",".248",".306",".384",".690",".135",".293",".303","604","89"
"2018","Royals","1350","155","638","427","1310",".245",".305",".392",".697",".146",".293",".303","649","88"
"2014","Cubs","1315","157","614","442","1477",".239",".300",".385",".684",".146",".296",".303","618","91"
"2013","Padres","1349","146","618","467","1309",".245",".308",".378",".686",".133",".294",".302","612","94"
"2016","Athletics","1352","169","653","442","1145",".246",".304",".395",".699",".149",".280",".302","628","89"
"2012","Dodgers","1369","116","637","481","1156",".252",".317",".374",".690",".122",".298",".302","624","90"
"2003","Mets","1317","124","642","489","1036",".247",".314",".374",".688",".128",".282",".302","600","80"
"2015","Marlins","1420","120","613","375","1150",".260",".310",".384",".694",".124",".307",".302","612","91"
"2011","Athletics","1330","114","645","509","1094",".244",".311",".369",".680",".125",".283",".301","615","89"
"2011","Astros","1442","95","615","401","1164",".258",".311",".374",".684",".116",".308",".301","615","88"
"2013","Yankees","1321","144","650","466","1214",".242",".307",".376",".683",".133",".285",".301","603","86"
"2012","Marlins","1327","137","609","484","1228",".244",".308",".382",".690",".138",".289",".300","615","87"
"2010","Pirates","1303","126","587","463","1207",".242",".304",".373",".678",".131",".288",".300","583","84"
"2015","White Sox","1381","136","622","404","1231",".250",".306",".380",".686",".130",".296",".300","617","89"
"2014","Diamondbacks","1379","118","615","398","1165",".248",".302",".376",".678",".127",".293",".300","601","83"
"2013","White Sox","1385","148","598","411","1207",".249",".302",".378",".680",".129",".291",".299","597","85"
"2014","Mariners","1328","136","634","396","1232",".244",".300",".376",".676",".132",".290",".299","592","94"
"2014","Mets","1306","125","629","516","1264",".239",".308",".364",".673",".126",".286",".299","603","92"
"2011","Pirates","1325","107","610","489","1308",".244",".309",".368",".676",".123",".301",".299","593","87"
"2018","Orioles","1317","188","622","422","1412",".239",".298",".391",".689",".152",".286",".299","628","87"
"2015","Phillies","1374","130","626","387","1274",".249",".303",".382",".684",".133",".299",".298","606","86"
"2015","Padres","1324","148","650","426","1327",".243",".300",".385",".685",".142",".292",".298","601","90"
"2013","Astros","1307","148","610","426","1535",".240",".299",".375",".674",".136",".304",".298","583","85"
"2017","Padres","1251","189","604","460","1499",".234",".299",".393",".692",".160",".287",".298","604","82"
"2016","Padres","1275","177","686","449","1500",".235",".299",".390",".689",".155",".291",".297","600","84"
"2002","Tigers","1340","124","575","363","1035",".248",".300",".379",".679",".132",".283",".297","571","82"
"2012","Cubs","1297","137","613","447","1235",".240",".302",".378",".680",".138",".286",".297","591","81"
"2013","Mets","1318","130","619","512","1384",".237",".306",".366",".672",".129",".291",".297","594","90"
"2017","Giants","1382","128","639","467","1204",".249",".309",".380",".689",".132",".294",".296","619","82"
"2014","Braves","1316","123","573","472","1369",".241",".305",".360",".665",".119",".298",".296","583","86"
"2016","Phillies","1306","161","610","424","1376",".240",".301",".385",".685",".144",".292",".296","594","81"
"2015","Braves","1361","100","573","471","1107",".251",".314",".359",".674",".108",".297",".296","587","84"
"2012","Astros","1276","146","583","463","1365",".236",".302",".371",".673",".135",".288",".296","588","82"
"2011","Twins","1357","103","619","440","1048",".247",".306",".360",".666",".113",".288",".296","578","82"
"2003","Tigers","1312","153","591","443","1099",".240",".300",".375",".675",".135",".272",".296","580","80"
"2018","Tigers","1326","135","630","428","1341",".241",".300",".380",".680",".138",".293",".295","609","84"
"2011","Giants","1327","121","570","448","1122",".242",".303",".368",".671",".126",".281",".295","581","88"
"2010","Astros","1348","108","611","415","1025",".247",".303",".362",".665",".115",".285",".295","561","79"
"2014","Phillies","1356","125","619","443","1306",".242",".302",".363",".665",".121",".292",".295","592","86"
"2014","Reds","1282","131","595","415","1252",".238",".296",".365",".661",".127",".284",".294","566","83"
"2003","Dodgers","1328","124","574","407","985",".243",".303",".368",".671",".125",".275",".294","563","78"
"2018","Padres","1289","162","617","471","1523",".235",".297",".380",".677",".145",".294",".294","602","84"
"2012","Mariners","1285","149","619","466","1259",".234",".296",".369",".665",".135",".276",".291","575","87"
"2011","Padres","1284","91","593","501","1320",".237",".305",".349",".653",".112",".294",".290","552","86"
"2018","Giants","1324","133","603","448","1467",".239",".300",".368",".667",".129",".299",".290","586","82"
"2018","Marlins","1303","128","589","455","1384",".237",".303",".357",".659",".119",".293",".289","581","83"
"2010","Mariners","1274","101","513","459","1184",".236",".298",".339",".637",".104",".282",".285","513","79"
"2011","Mariners","1263","109","556","435","1280",".233",".292",".348",".640",".115",".283",".283","516","80"
"2014","Padres","1199","109","535","468","1294",".226",".292",".342",".634",".115",".277",".283","510","82"
"2013","Marlins","1257","95","513","432","1232",".231",".293",".335",".627",".104",".280",".279","493","74"
